clipname,Eat,StandUp,SitDown,HugPerson,Kiss,SitUp,AnswerPhone,HandShake,FightPerson,DriveCar,Run,GetOutCar
actionclipautoautotrain00001,-1,-1,-1,-1,-1,1,-1,-1,-1,-1,-1,-1
actionclipautoautotrain00002,-1,-1,-1,-1,-1,1,-1,-1,-1,-1,-1,-1
actionclipautoautotrain00003,-1,-1,-1,-1,-1,-1,-1,-1,-1,1,-1,-1
actionclipautoautotrain00004,-1,-1,-1,-1,-1,-1,-1,-1,-1,1,-1,-1
actionclipautoautotrain00005,-1,-1,-1,-1,-1,-1,-1,-1,-1,-1,-1,1
actionclipautoautotrain00006,1,-1,-1,-1,-1,-1,-1,-1,-1,-1,-1,-1
actionclipautoautotrain00007,-1,1,-1,-1,-1,-1,-1,-1,-1,-1,-1,-1
actionclipautoautotrain00008,-1,1,-1,-1,-1,-1,-1,-1,-1,-1,-1,-1
actionclipautoautotrain00009,-1,-1,-1,-1,-1,-1,-1,-1,-1,-1,1,-1
actionclipautoautotrain00010,-1,-1,-1,-1,-1,-1,-1,-1,-1,1,-1,-1
actionclipautoautotrain00011,-1,-1,-1,-1,-1,-1,-1,-1,-1,-1,-1,1
actionclipautoautotrain00012,-1,-1,-1,-1,-1,-1,1,-1,-1,-1,-1,-1
actionclipautoautotrain00013,-1,-1,-1,-1,-1,-1,1,-1,-1,-1,-1,-1
actionclipautoautotrain00014,-1,-1,-1,-1,-1,-1,-1,-1,-1,1,-1,-1
actionclipautoautotrain00015,-1,-1,-1,-1,-1,-1,-1,-1,-1,-1,-1,1
actionclipautoautotrain00016,-1,-1,-1,-1,1,-1,-1,-1,-1,-1,-1,-1
actionclipautoautotrain00017,-1,-1,-1,-1,1,-1,-1,-1,-1,-1,-1,-1
actionclipautoautotrain00018,-1,1,-1,-1,-1,-1,-1,-1,-1,-1,-1,-1
actionclipautoautotrain00019,-1,-1,-1,-1,-1,-1,-1,-1,-1,-1,1,-1
actionclipautoautotrain00020,-1,-1,-1,-1,-1,1,-1,-1,-1,-1,-1,-1
actionclipautoautotrain00021,-1,-1,-1,-1,-1,-1,-1,-1,-1,1,-1,-1
actionclipautoautotrain00022,-1,-1,-1,-1,-1,1,-1,-1,-1,-1,-1,-1
actionclipautoautotrain00023,-1,-1,-1,-1,1,-1,-1,-1,-1,-1,-1,-1
actionclipautoautotrain00024,-1,-1,-1,-1,1,-1,-1,-1,-1,-1,-1,-1
actionclipautoautotrain00025,1,-1,-1,-1,-1,-1,-1,-1,-1,-1,-1,-1
actionclipautoautotrain00026,-1,1,-1,-1,-1,-1,-1,-1,-1,-1,-1,-1
actionclipautoautotrain00027,1,-1,-1,-1,-1,-1,-1,-1,-1,-1,-1,-1
actionclipautoautotrain00028,-1,-1,-1,-1,-1,-1,-1,-1,1,-1,-1,-1
actionclipautoautotrain00029,-1,1,-1,-1,-1,-1,-1,-1,-1,-1,-1,-1
actionclipautoautotrain00030,-1,-1,-1,-1,-1,1,-1,-1,-1,-1,-1,-1
actionclipautoautotrain00031,-1,-1,-1,-1,-1,-1,-1,-1,-1,-1,1,-1
actionclipautoautotrain00032,-1,-1,-1,-1,-1,-1,-1,-1,-1,1,-1,-1
actionclipautoautotrain00033,-1,-1,-1,-1,-1,-1,-1,-1,-1,1,-1,-1
actionclipautoautotrain00034,-1,-1,-1,-1,-1,-1,-1,-1,-1,-1,-1,1
actionclipautoautotrain00035,-1,-1,-1,-1,-1,-1,-1,-1,-1,1,-1,-1
actionclipautoautotrain00036,-1,1,-1,-1,-1,-1,-1,-1,-1,-1,-1,-1
actionclipautoautotrain00037,-1,-1,-1,-1,1,-1,-1,-1,-1,-1,-1,-1
actionclipautoautotrain00038,-1,-1,-1,-1,-1,1,-1,-1,-1,-1,-1,-1
actionclipautoautotrain00039,-1,1,-1,-1,-1,-1,-1,-1,-1,-1,-1,-1
actionclipautoautotrain00040,-1,-1,-1,-1,-1,1,-1,-1,-1,-1,-1,-1
actionclipautoautotrain00041,-1,-1,-1,-1,1,-1,-1,-1,-1,-1,-1,-1
actionclipautoautotrain00042,-1,-1,-1,-1,-1,-1,-1,-1,-1,-1,1,-1
actionclipautoautotrain00043,-1,-1,-1,-1,1,-1,-1,-1,-1,-1,-1,-1
actionclipautoautotrain00044,-1,-1,-1,-1,1,-1,-1,-1,-1,1,-1,-1
actionclipautoautotrain00045,-1,-1,-1,1,-1,-1,-1,-1,-1,-1,-1,-1
actionclipautoautotrain00046,-1,-1,-1,1,-1,-1,-1,-1,-1,-1,-1,-1
actionclipautoautotrain00047,1,-1,-1,-1,-1,-1,-1,-1,-1,-1,-1,-1
actionclipautoautotrain00048,-1,1,-1,-1,-1,-1,-1,-1,-1,-1,-1,-1
actionclipautoautotrain00049,-1,-1,1,-1,-1,-1,-1,-1,-1,-1,-1,-1
actionclipautoautotrain00050,-1,-1,-1,-1,-1,-1,-1,-1,-1,1,-1,-1
actionclipautoautotrain00051,-1,-1,-1,-1,-1,-1,-1,-1,-1,-1,1,-1
actionclipautoautotrain00052,-1,-1,-1,-1,-1,-1,-1,-1,-1,1,-1,-1
actionclipautoautotrain00053,-1,-1,-1,1,-1,-1,-1,-1,-1,-1,-1,-1
actionclipautoautotrain00054,-1,-1,-1,-1,-1,-1,1,-1,-1,-1,-1,-1
actionclipautoautotrain00055,-1,1,-1,-1,-1,-1,-1,-1,-1,-1,-1,-1
actionclipautoautotrain00056,-1,-1,-1,-1,-1,-1,-1,-1,-1,-1,-1,1
actionclipautoautotrain00057,-1,-1,-1,-1,-1,-1,1,-1,-1,-1,-1,-1
actionclipautoautotrain00058,-1,-1,-1,-1,1,-1,-1,-1,-1,-1,-1,-1
actionclipautoautotrain00059,-1,-1,1,-1,-1,-1,-1,-1,-1,1,1,-1
actionclipautoautotrain00060,-1,1,-1,-1,-1,-1,-1,-1,-1,-1,-1,-1
actionclipautoautotrain00061,-1,-1,-1,-1,1,-1,-1,-1,-1,-1,-1,-1
actionclipautoautotrain00062,-1,-1,-1,-1,1,-1,-1,-1,-1,-1,-1,-1
actionclipautoautotrain00063,-1,-1,-1,-1,-1,-1,1,-1,-1,-1,-1,-1
actionclipautoautotrain00064,-1,1,-1,-1,-1,-1,-1,-1,-1,-1,-1,-1
actionclipautoautotrain00065,-1,-1,-1,-1,1,-1,-1,-1,-1,-1,-1,-1
actionclipautoautotrain00066,-1,-1,-1,-1,1,-1,-1,-1,-1,-1,-1,-1
actionclipautoautotrain00067,-1,1,-1,-1,-1,-1,-1,-1,-1,1,-1,-1
actionclipautoautotrain00068,-1,-1,-1,-1,-1,-1,-1,-1,-1,1,-1,-1
actionclipautoautotrain00069,-1,-1,-1,-1,-1,-1,-1,-1,-1,1,-1,-1
actionclipautoautotrain00070,-1,-1,-1,-1,-1,-1,-1,-1,-1,-1,1,-1
actionclipautoautotrain00071,-1,1,-1,-1,-1,-1,-1,-1,-1,-1,-1,-1
actionclipautoautotrain00072,-1,-1,-1,-1,1,-1,-1,-1,-1,-1,-1,-1
actionclipautoautotrain00073,-1,-1,-1,-1,-1,-1,-1,-1,-1,1,-1,-1
actionclipautoautotrain00074,-1,-1,1,-1,-1,-1,-1,-1,-1,-1,-1,-1
actionclipautoautotrain00075,-1,-1,-1,-1,-1,-1,-1,-1,-1,1,-1,-1
actionclipautoautotrain00076,-1,-1,-1,-1,-1,-1,1,-1,-1,-1,-1,-1
actionclipautoautotrain00077,-1,-1,-1,-1,-1,-1,-1,1,-1,-1,-1,-1
actionclipautoautotrain00078,1,-1,-1,-1,-1,-1,-1,-1,-1,-1,-1,-1
actionclipautoautotrain00079,-1,-1,-1,-1,1,-1,-1,-1,-1,-1,-1,-1
actionclipautoautotrain00080,-1,-1,-1,-1,-1,-1,1,-1,-1,-1,-1,-1
actionclipautoautotrain00081,-1,-1,-1,-1,1,-1,-1,-1,-1,-1,-1,-1
actionclipautoautotrain00082,-1,-1,-1,-1,-1,-1,-1,-1,-1,-1,1,-1
actionclipautoautotrain00083,-1,1,-1,-1,1,-1,-1,-1,-1,-1,-1,-1
actionclipautoautotrain00084,-1,-1,-1,-1,1,-1,-1,-1,-1,-1,-1,-1
actionclipautoautotrain00085,-1,-1,-1,-1,-1,-1,-1,1,-1,-1,-1,-1
actionclipautoautotrain00086,-1,-1,-1,-1,-1,-1,-1,-1,-1,-1,1,-1
actionclipautoautotrain00087,-1,-1,-1,1,-1,-1,-1,-1,-1,-1,-1,-1
actionclipautoautotrain00088,-1,-1,-1,-1,-1,-1,-1,-1,-1,-1,1,-1
actionclipautoautotrain00089,-1,-1,-1,-1,-1,-1,-1,-1,-1,1,-1,-1
actionclipautoautotrain00090,-1,-1,-1,-1,-1,-1,1,-1,-1,-1,-1,-1
actionclipautoautotrain00091,1,-1,-1,-1,-1,-1,-1,-1,-1,-1,-1,-1
actionclipautoautotrain00092,-1,-1,-1,-1,-1,-1,-1,-1,-1,1,-1,-1
actionclipautoautotrain00093,-1,-1,-1,-1,-1,-1,-1,-1,-1,-1,1,-1
actionclipautoautotrain00094,-1,-1,-1,-1,-1,-1,-1,-1,-1,1,-1,-1
actionclipautoautotrain00095,-1,-1,-1,-1,-1,-1,-1,-1,1,-1,-1,-1
actionclipautoautotrain00096,-1,-1,-1,-1,-1,-1,-1,-1,-1,1,-1,-1
actionclipautoautotrain00097,-1,-1,-1,-1,-1,-1,-1,-1,-1,-1,-1,1
actionclipautoautotrain00098,-1,-1,-1,-1,-1,-1,-1,-1,1,-1,-1,-1
actionclipautoautotrain00099,-1,-1,-1,-1,-1,-1,-1,-1,-1,-1,1,-1
actionclipautoautotrain00100,-1,1,-1,-1,1,-1,-1,-1,-1,-1,-1,-1
actionclipautoautotrain00101,-1,-1,-1,1,-1,-1,-1,-1,-1,-1,-1,-1
actionclipautoautotrain00102,-1,1,-1,-1,-1,-1,-1,-1,-1,-1,1,-1
actionclipautoautotrain00103,-1,-1,-1,-1,-1,-1,-1,-1,-1,1,-1,-1
actionclipautoautotrain00104,-1,-1,-1,-1,-1,-1,-1,-1,-1,1,-1,-1
actionclipautoautotrain00105,-1,-1,-1,-1,-1,-1,-1,-1,-1,-1,1,-1
actionclipautoautotrain00106,-1,1,-1,-1,-1,-1,-1,-1,-1,-1,-1,-1
actionclipautoautotrain00107,-1,-1,-1,-1,1,-1,-1,-1,-1,-1,-1,-1
actionclipautoautotrain00108,-1,-1,1,-1,-1,-1,-1,-1,-1,-1,-1,-1
actionclipautoautotrain00109,-1,1,-1,-1,-1,-1,-1,-1,-1,-1,-1,-1
actionclipautoautotrain00110,-1,-1,1,-1,-1,-1,-1,-1,-1,-1,-1,-1
actionclipautoautotrain00111,-1,1,-1,-1,-1,-1,-1,-1,-1,-1,-1,-1
actionclipautoautotrain00112,-1,-1,1,-1,-1,-1,-1,-1,-1,-1,-1,-1
actionclipautoautotrain00113,-1,1,-1,-1,-1,-1,-1,-1,-1,-1,-1,-1
actionclipautoautotrain00114,-1,-1,-1,-1,-1,-1,-1,-1,-1,-1,1,-1
actionclipautoautotrain00115,-1,-1,-1,1,1,-1,-1,1,-1,-1,1,-1
actionclipautoautotrain00116,-1,-1,-1,-1,1,-1,-1,-1,-1,-1,1,-1
actionclipautoautotrain00117,-1,-1,-1,-1,-1,-1,-1,-1,-1,-1,1,-1
actionclipautoautotrain00118,-1,-1,-1,-1,-1,-1,-1,-1,-1,-1,-1,1
actionclipautoautotrain00119,-1,-1,-1,1,-1,-1,-1,-1,-1,-1,-1,-1
actionclipautoautotrain00120,-1,-1,-1,-1,-1,-1,-1,-1,-1,-1,1,-1
actionclipautoautotrain00121,-1,1,-1,-1,-1,-1,-1,-1,-1,-1,1,-1
actionclipautoautotrain00122,-1,-1,-1,-1,-1,-1,-1,-1,-1,-1,1,-1
actionclipautoautotrain00123,-1,-1,-1,-1,1,-1,-1,-1,-1,-1,-1,-1
actionclipautoautotrain00124,-1,-1,-1,-1,-1,-1,-1,-1,-1,1,-1,-1
actionclipautoautotrain00125,-1,-1,-1,-1,-1,-1,-1,-1,-1,-1,1,-1
actionclipautoautotrain00126,-1,1,-1,-1,-1,1,-1,-1,-1,-1,-1,-1
actionclipautoautotrain00127,-1,1,-1,-1,-1,-1,-1,-1,-1,-1,-1,-1
actionclipautoautotrain00128,-1,-1,-1,-1,1,-1,-1,-1,-1,-1,-1,-1
actionclipautoautotrain00129,-1,1,-1,-1,-1,-1,-1,-1,-1,-1,-1,-1
actionclipautoautotrain00130,-1,-1,-1,-1,-1,-1,-1,-1,-1,1,-1,-1
actionclipautoautotrain00131,-1,-1,-1,-1,-1,-1,-1,-1,-1,-1,-1,1
actionclipautoautotrain00132,-1,-1,-1,-1,-1,-1,-1,-1,-1,-1,1,-1
actionclipautoautotrain00133,-1,-1,-1,-1,-1,-1,-1,-1,-1,-1,1,-1
actionclipautoautotrain00134,-1,-1,-1,-1,-1,-1,-1,-1,1,-1,-1,-1
actionclipautoautotrain00135,-1,-1,-1,-1,1,-1,1,-1,-1,-1,1,-1
actionclipautoautotrain00136,-1,-1,-1,-1,-1,-1,-1,-1,-1,-1,1,-1
actionclipautoautotrain00137,-1,-1,1,-1,-1,-1,-1,-1,-1,-1,-1,-1
actionclipautoautotrain00138,-1,-1,-1,-1,-1,-1,1,-1,-1,-1,-1,-1
actionclipautoautotrain00139,-1,-1,-1,1,-1,-1,-1,-1,-1,-1,-1,-1
actionclipautoautotrain00140,-1,-1,1,-1,-1,-1,-1,-1,-1,-1,-1,-1
actionclipautoautotrain00141,-1,-1,-1,-1,1,-1,-1,-1,-1,-1,-1,-1
actionclipautoautotrain00142,-1,-1,-1,-1,-1,-1,-1,-1,-1,-1,1,-1
actionclipautoautotrain00143,-1,-1,-1,-1,-1,-1,-1,-1,-1,-1,1,-1
actionclipautoautotrain00144,-1,-1,-1,-1,-1,-1,-1,-1,1,-1,-1,-1
actionclipautoautotrain00145,1,-1,-1,-1,-1,-1,-1,-1,-1,-1,-1,-1
actionclipautoautotrain00146,-1,-1,-1,-1,-1,-1,-1,1,-1,-1,-1,-1
actionclipautoautotrain00147,1,1,-1,-1,-1,-1,-1,-1,-1,-1,-1,-1
actionclipautoautotrain00148,-1,1,-1,-1,-1,-1,-1,-1,-1,-1,-1,-1
actionclipautoautotrain00149,-1,-1,-1,-1,-1,-1,-1,-1,-1,-1,1,-1
actionclipautoautotrain00150,-1,-1,-1,-1,1,-1,-1,-1,-1,-1,-1,-1
actionclipautoautotrain00151,-1,-1,-1,-1,-1,-1,-1,-1,-1,-1,1,-1
actionclipautoautotrain00152,-1,-1,-1,-1,-1,-1,-1,-1,-1,1,-1,-1
actionclipautoautotrain00153,-1,-1,-1,-1,-1,-1,-1,-1,-1,-1,-1,1
actionclipautoautotrain00154,-1,-1,-1,-1,-1,1,-1,-1,-1,-1,-1,-1
actionclipautoautotrain00155,-1,-1,-1,-1,-1,-1,-1,-1,-1,1,-1,-1
actionclipautoautotrain00156,-1,-1,-1,-1,-1,-1,-1,-1,-1,-1,1,-1
actionclipautoautotrain00157,1,-1,-1,-1,-1,-1,-1,-1,-1,-1,-1,-1
actionclipautoautotrain00158,1,-1,-1,-1,-1,-1,-1,-1,-1,-1,-1,-1
actionclipautoautotrain00159,-1,-1,-1,-1,1,-1,-1,-1,-1,-1,-1,-1
actionclipautoautotrain00160,1,-1,-1,-1,-1,-1,-1,-1,-1,1,-1,-1
actionclipautoautotrain00161,-1,-1,-1,1,-1,-1,-1,-1,-1,-1,-1,-1
actionclipautoautotrain00162,-1,1,-1,-1,-1,-1,-1,-1,-1,-1,-1,-1
actionclipautoautotrain00163,-1,-1,-1,-1,-1,-1,1,-1,-1,-1,-1,-1
actionclipautoautotrain00164,-1,-1,-1,-1,-1,-1,1,-1,-1,-1,-1,-1
actionclipautoautotrain00165,-1,-1,-1,-1,-1,-1,-1,-1,-1,1,-1,-1
actionclipautoautotrain00166,-1,-1,-1,-1,-1,-1,-1,1,-1,-1,-1,-1
actionclipautoautotrain00167,-1,-1,-1,-1,-1,-1,-1,-1,-1,-1,1,-1
actionclipautoautotrain00168,-1,-1,1,-1,-1,-1,-1,-1,-1,-1,-1,-1
actionclipautoautotrain00169,-1,-1,1,-1,-1,-1,-1,-1,-1,-1,-1,-1
actionclipautoautotrain00170,-1,-1,1,-1,-1,-1,-1,-1,-1,-1,-1,-1
actionclipautoautotrain00171,-1,-1,1,-1,-1,-1,-1,-1,-1,-1,-1,-1
actionclipautoautotrain00172,-1,1,-1,-1,-1,-1,-1,-1,-1,-1,-1,-1
actionclipautoautotrain00173,-1,-1,1,-1,-1,-1,-1,-1,-1,-1,-1,-1
actionclipautoautotrain00174,-1,-1,1,-1,-1,-1,-1,-1,-1,-1,-1,-1
actionclipautoautotrain00175,-1,1,-1,-1,-1,-1,-1,-1,-1,-1,-1,-1
actionclipautoautotrain00176,-1,-1,1,-1,-1,-1,-1,-1,-1,-1,-1,-1
actionclipautoautotrain00177,-1,1,-1,-1,-1,-1,-1,-1,-1,-1,-1,-1
actionclipautoautotrain00178,-1,-1,1,-1,-1,-1,-1,-1,-1,-1,-1,-1
actionclipautoautotrain00179,-1,-1,1,-1,-1,-1,-1,-1,-1,-1,-1,-1
actionclipautoautotrain00180,-1,-1,1,-1,-1,-1,-1,-1,-1,-1,-1,-1
actionclipautoautotrain00181,-1,-1,1,-1,-1,-1,-1,-1,-1,-1,-1,-1
actionclipautoautotrain00182,-1,-1,-1,-1,1,-1,-1,-1,-1,-1,-1,-1
actionclipautoautotrain00183,-1,-1,-1,-1,1,-1,-1,-1,-1,-1,-1,-1
actionclipautoautotrain00184,-1,-1,-1,-1,1,-1,-1,-1,-1,-1,-1,-1
actionclipautoautotrain00185,-1,-1,1,-1,-1,-1,-1,-1,-1,-1,-1,-1
actionclipautoautotrain00186,-1,1,-1,-1,-1,-1,-1,-1,-1,-1,-1,-1
actionclipautoautotrain00187,-1,-1,-1,-1,-1,-1,-1,1,-1,-1,-1,-1
actionclipautoautotrain00188,-1,1,-1,-1,-1,-1,-1,-1,-1,-1,-1,-1
actionclipautoautotrain00189,-1,1,-1,-1,-1,-1,-1,-1,-1,-1,-1,-1
actionclipautoautotrain00190,-1,-1,-1,-1,-1,-1,-1,-1,1,-1,-1,-1
actionclipautoautotrain00191,-1,-1,1,-1,-1,-1,-1,-1,-1,-1,-1,-1
actionclipautoautotrain00192,-1,-1,-1,1,-1,-1,-1,-1,-1,-1,1,-1
actionclipautoautotrain00193,-1,1,-1,-1,-1,-1,-1,-1,-1,-1,-1,-1
actionclipautoautotrain00194,-1,-1,-1,-1,-1,-1,-1,-1,-1,-1,1,-1
actionclipautoautotrain00195,-1,-1,-1,-1,1,-1,-1,-1,-1,-1,-1,-1
actionclipautoautotrain00196,-1,1,-1,-1,-1,-1,-1,-1,-1,-1,-1,-1
actionclipautoautotrain00197,-1,1,-1,-1,-1,-1,-1,-1,-1,-1,-1,-1
actionclipautoautotrain00198,-1,1,-1,-1,-1,-1,-1,-1,-1,-1,-1,-1
actionclipautoautotrain00199,-1,-1,1,-1,-1,-1,-1,-1,-1,-1,-1,-1
actionclipautoautotrain00200,-1,-1,1,-1,-1,-1,-1,-1,-1,-1,-1,-1
actionclipautoautotrain00201,-1,-1,-1,-1,1,-1,-1,-1,-1,-1,-1,-1
actionclipautoautotrain00202,-1,1,-1,-1,-1,-1,-1,-1,-1,-1,-1,-1
actionclipautoautotrain00203,-1,-1,-1,-1,1,-1,-1,-1,-1,-1,-1,-1
actionclipautoautotrain00204,-1,-1,-1,-1,1,-1,-1,-1,-1,-1,-1,-1
actionclipautoautotrain00205,-1,-1,1,-1,-1,-1,-1,-1,-1,-1,-1,-1
actionclipautoautotrain00206,-1,-1,-1,-1,-1,-1,-1,-1,-1,-1,1,-1
actionclipautoautotrain00207,-1,-1,1,-1,-1,-1,-1,-1,-1,-1,-1,-1
actionclipautoautotrain00208,-1,1,-1,-1,-1,-1,-1,1,-1,-1,-1,-1
actionclipautoautotrain00209,-1,-1,-1,-1,-1,-1,1,-1,-1,-1,-1,-1
actionclipautoautotrain00210,-1,-1,-1,-1,-1,-1,-1,-1,-1,1,-1,-1
actionclipautoautotrain00211,-1,-1,-1,-1,-1,-1,-1,-1,-1,-1,1,-1
actionclipautoautotrain00212,-1,-1,-1,-1,-1,-1,1,-1,-1,-1,1,-1
actionclipautoautotrain00213,-1,-1,-1,-1,-1,-1,-1,-1,-1,-1,1,-1
actionclipautoautotrain00214,1,-1,-1,-1,-1,-1,-1,-1,-1,-1,-1,-1
actionclipautoautotrain00215,1,-1,-1,-1,-1,-1,-1,-1,-1,-1,-1,-1
actionclipautoautotrain00216,-1,-1,-1,-1,-1,1,-1,-1,-1,-1,-1,-1
actionclipautoautotrain00217,1,-1,-1,-1,-1,-1,-1,-1,-1,-1,-1,-1
actionclipautoautotrain00218,1,-1,-1,-1,-1,-1,-1,-1,-1,-1,-1,-1
actionclipautoautotrain00219,-1,-1,-1,-1,-1,-1,-1,-1,1,-1,-1,-1
actionclipautoautotrain00220,-1,-1,-1,-1,-1,-1,-1,-1,1,-1,-1,-1
actionclipautoautotrain00221,-1,-1,-1,-1,-1,-1,-1,-1,-1,-1,1,-1
actionclipautoautotrain00222,-1,-1,-1,-1,-1,-1,1,-1,-1,-1,-1,-1
actionclipautoautotrain00223,-1,-1,-1,-1,-1,-1,-1,-1,-1,-1,1,-1
actionclipautoautotrain00224,-1,-1,-1,-1,-1,-1,-1,-1,1,-1,-1,-1
actionclipautoautotrain00225,-1,-1,-1,-1,1,-1,-1,-1,-1,-1,-1,-1
actionclipautoautotrain00226,-1,-1,-1,-1,1,-1,-1,-1,-1,-1,-1,-1
actionclipautoautotrain00227,-1,-1,-1,-1,-1,-1,1,-1,-1,-1,-1,-1
actionclipautoautotrain00228,-1,-1,-1,-1,-1,-1,-1,-1,-1,-1,1,-1
actionclipautoautotrain00229,-1,-1,1,-1,-1,-1,-1,-1,-1,-1,-1,-1
actionclipautoautotrain00230,-1,-1,1,-1,-1,-1,-1,-1,-1,-1,-1,-1
actionclipautoautotrain00231,-1,-1,-1,-1,-1,-1,1,-1,-1,-1,-1,-1
actionclipautoautotrain00232,-1,-1,-1,-1,1,-1,-1,-1,-1,-1,-1,-1
actionclipautoautotrain00233,-1,-1,-1,-1,1,-1,-1,-1,-1,-1,-1,-1
actionclipautoautotrain00234,-1,-1,-1,-1,1,-1,-1,-1,-1,-1,-1,-1
actionclipautoautotrain00235,-1,1,-1,-1,-1,-1,-1,-1,-1,-1,-1,-1
actionclipautoautotrain00236,-1,-1,-1,-1,-1,-1,-1,-1,-1,-1,1,-1
actionclipautoautotrain00237,-1,-1,-1,-1,-1,-1,-1,-1,-1,-1,1,-1
actionclipautoautotrain00238,-1,-1,-1,-1,-1,-1,-1,-1,-1,-1,1,-1
actionclipautoautotrain00239,-1,-1,-1,-1,-1,-1,-1,-1,-1,-1,1,-1
actionclipautoautotrain00240,-1,-1,-1,-1,-1,-1,-1,-1,-1,-1,1,-1
actionclipautoautotrain00241,-1,-1,-1,-1,-1,-1,-1,-1,-1,-1,1,-1
actionclipautoautotrain00242,-1,-1,-1,-1,-1,-1,-1,-1,-1,-1,1,-1
actionclipautoautotrain00243,-1,-1,-1,-1,-1,-1,-1,-1,-1,-1,1,-1
actionclipautoautotrain00244,-1,-1,-1,-1,-1,-1,-1,-1,-1,-1,1,-1
actionclipautoautotrain00245,-1,-1,-1,-1,-1,-1,1,-1,-1,-1,-1,-1
actionclipautoautotrain00246,-1,-1,-1,-1,-1,-1,-1,-1,1,-1,-1,-1
actionclipautoautotrain00247,-1,-1,-1,-1,-1,1,-1,-1,-1,-1,-1,-1
actionclipautoautotrain00248,-1,-1,-1,-1,-1,-1,-1,-1,-1,-1,1,-1
actionclipautoautotrain00249,-1,-1,-1,-1,-1,-1,1,-1,-1,-1,-1,-1
actionclipautoautotrain00250,-1,-1,-1,-1,1,-1,-1,-1,-1,-1,-1,-1
actionclipautoautotrain00251,-1,-1,-1,-1,1,-1,-1,-1,-1,-1,-1,-1
actionclipautoautotrain00252,-1,-1,-1,-1,1,-1,-1,-1,-1,-1,-1,-1
actionclipautoautotrain00253,-1,-1,-1,-1,1,-1,-1,-1,-1,-1,-1,-1
actionclipautoautotrain00254,1,-1,-1,-1,-1,-1,-1,-1,-1,-1,-1,-1
actionclipautoautotrain00255,-1,-1,1,-1,-1,-1,-1,-1,-1,-1,-1,-1
actionclipautoautotrain00256,-1,-1,-1,-1,-1,-1,-1,-1,-1,-1,1,-1
actionclipautoautotrain00257,-1,1,-1,-1,-1,-1,-1,-1,-1,-1,-1,-1
actionclipautoautotrain00258,-1,-1,-1,-1,-1,-1,-1,-1,-1,-1,-1,1
actionclipautoautotrain00259,-1,-1,-1,-1,-1,-1,-1,-1,-1,-1,-1,1
actionclipautoautotrain00260,-1,-1,-1,-1,-1,-1,-1,-1,1,-1,-1,-1
actionclipautoautotrain00261,-1,-1,-1,-1,-1,-1,-1,-1,1,-1,-1,-1
actionclipautoautotrain00262,-1,-1,-1,-1,-1,-1,-1,-1,1,-1,-1,-1
actionclipautoautotrain00263,-1,1,-1,-1,-1,-1,-1,-1,-1,-1,-1,-1
actionclipautoautotrain00264,-1,-1,-1,-1,-1,-1,-1,-1,-1,-1,1,-1
actionclipautoautotrain00265,-1,1,-1,-1,-1,-1,-1,-1,-1,-1,-1,-1
actionclipautoautotrain00266,-1,-1,1,-1,-1,-1,-1,-1,-1,-1,-1,-1
actionclipautoautotrain00267,-1,-1,-1,-1,-1,-1,-1,-1,-1,1,-1,-1
actionclipautoautotrain00268,-1,-1,-1,-1,-1,-1,-1,-1,-1,1,-1,-1
actionclipautoautotrain00269,-1,-1,-1,-1,-1,-1,-1,-1,-1,-1,-1,1
actionclipautoautotrain00270,-1,1,-1,-1,-1,-1,-1,1,-1,-1,-1,-1
actionclipautoautotrain00271,-1,-1,1,-1,-1,-1,-1,-1,-1,-1,-1,-1
actionclipautoautotrain00272,-1,-1,-1,-1,-1,-1,-1,-1,-1,-1,1,-1
actionclipautoautotrain00273,-1,-1,-1,-1,1,-1,-1,-1,-1,-1,-1,-1
actionclipautoautotrain00274,-1,-1,-1,-1,-1,-1,-1,1,-1,-1,-1,-1
actionclipautoautotrain00275,-1,-1,-1,-1,-1,-1,-1,1,-1,-1,-1,-1
actionclipautoautotrain00276,-1,1,-1,-1,-1,-1,-1,-1,-1,-1,-1,-1
actionclipautoautotrain00277,-1,-1,-1,-1,-1,-1,-1,-1,-1,-1,1,-1
actionclipautoautotrain00278,-1,-1,-1,-1,-1,-1,-1,-1,-1,1,-1,-1
actionclipautoautotrain00279,1,-1,-1,-1,-1,-1,-1,-1,-1,-1,-1,-1
actionclipautoautotrain00280,1,-1,-1,-1,-1,-1,-1,-1,-1,-1,-1,-1
actionclipautoautotrain00281,-1,-1,-1,-1,-1,-1,-1,1,-1,-1,-1,-1
actionclipautoautotrain00282,-1,-1,-1,-1,-1,-1,-1,-1,-1,1,-1,-1
actionclipautoautotrain00283,-1,-1,-1,-1,1,-1,-1,-1,-1,-1,-1,-1
actionclipautoautotrain00284,-1,1,-1,-1,-1,-1,-1,-1,-1,-1,-1,-1
actionclipautoautotrain00285,-1,-1,1,-1,-1,-1,-1,-1,-1,-1,-1,-1
actionclipautoautotrain00286,-1,-1,-1,-1,-1,-1,-1,-1,-1,-1,1,-1
actionclipautoautotrain00287,-1,-1,-1,-1,-1,-1,-1,-1,-1,-1,1,-1
actionclipautoautotrain00288,-1,-1,1,-1,-1,-1,-1,-1,-1,-1,-1,-1
actionclipautoautotrain00289,-1,-1,-1,-1,-1,-1,-1,-1,-1,-1,1,-1
actionclipautoautotrain00290,-1,1,-1,-1,-1,-1,-1,-1,-1,-1,-1,-1
actionclipautoautotrain00291,-1,-1,-1,-1,-1,-1,-1,-1,-1,-1,-1,1
actionclipautoautotrain00292,-1,-1,-1,-1,-1,-1,-1,-1,-1,-1,1,-1
actionclipautoautotrain00293,-1,-1,-1,-1,-1,-1,-1,-1,-1,1,-1,-1
actionclipautoautotrain00294,-1,-1,1,-1,-1,-1,-1,-1,-1,-1,-1,-1
actionclipautoautotrain00295,-1,-1,-1,-1,-1,-1,-1,-1,-1,-1,1,-1
actionclipautoautotrain00296,-1,1,-1,-1,-1,-1,-1,-1,-1,-1,-1,-1
actionclipautoautotrain00297,-1,-1,-1,-1,1,-1,-1,-1,-1,-1,-1,-1
actionclipautoautotrain00298,-1,-1,-1,-1,-1,-1,-1,-1,1,-1,1,-1
actionclipautoautotrain00299,-1,-1,1,-1,-1,-1,-1,-1,-1,-1,-1,-1
actionclipautoautotrain00300,-1,-1,-1,-1,-1,1,-1,-1,-1,-1,-1,-1
actionclipautoautotrain00301,-1,-1,-1,-1,-1,1,-1,-1,-1,-1,-1,-1
actionclipautoautotrain00302,-1,-1,-1,-1,-1,-1,1,-1,-1,-1,-1,-1
actionclipautoautotrain00303,-1,-1,-1,-1,-1,-1,-1,-1,-1,1,-1,-1
actionclipautoautotrain00304,-1,-1,-1,-1,-1,-1,-1,-1,-1,-1,1,1
actionclipautoautotrain00305,-1,-1,-1,-1,1,-1,-1,-1,-1,-1,-1,-1
actionclipautoautotrain00306,-1,1,-1,-1,-1,-1,-1,-1,-1,-1,-1,-1
actionclipautoautotrain00307,-1,-1,-1,-1,-1,-1,-1,-1,-1,1,-1,-1
actionclipautoautotrain00308,-1,1,-1,-1,-1,-1,-1,-1,-1,-1,-1,-1
actionclipautoautotrain00309,-1,-1,-1,-1,-1,-1,-1,-1,-1,1,-1,-1
actionclipautoautotrain00310,-1,-1,-1,-1,-1,-1,-1,-1,-1,-1,-1,1
actionclipautoautotrain00311,-1,-1,1,-1,-1,-1,-1,-1,-1,-1,-1,-1
actionclipautoautotrain00312,-1,-1,-1,-1,-1,-1,-1,-1,-1,1,-1,-1
actionclipautoautotrain00313,-1,1,-1,-1,-1,-1,-1,-1,-1,1,-1,-1
actionclipautoautotrain00314,-1,-1,-1,-1,-1,-1,-1,-1,-1,1,-1,-1
actionclipautoautotrain00315,-1,-1,-1,-1,1,-1,-1,-1,-1,-1,-1,-1
actionclipautoautotrain00316,-1,-1,-1,-1,-1,-1,-1,-1,-1,1,-1,-1
actionclipautoautotrain00317,-1,-1,-1,-1,1,-1,-1,-1,-1,-1,-1,-1
actionclipautoautotrain00318,-1,-1,1,-1,-1,-1,-1,-1,-1,-1,-1,-1
actionclipautoautotrain00319,-1,-1,-1,-1,-1,-1,-1,-1,-1,-1,-1,1
actionclipautoautotrain00320,-1,-1,-1,-1,-1,-1,-1,-1,-1,1,-1,-1
actionclipautoautotrain00321,-1,-1,1,-1,-1,-1,-1,-1,-1,-1,-1,-1
actionclipautoautotrain00322,-1,-1,1,-1,-1,-1,-1,-1,-1,-1,-1,-1
actionclipautoautotrain00323,-1,-1,-1,-1,-1,-1,-1,-1,-1,1,-1,-1
actionclipautoautotrain00324,-1,-1,-1,-1,1,-1,-1,-1,-1,-1,-1,-1
actionclipautoautotrain00325,-1,-1,-1,-1,1,-1,-1,-1,-1,-1,-1,-1
actionclipautoautotrain00326,-1,1,-1,-1,-1,-1,-1,-1,-1,-1,-1,-1
actionclipautoautotrain00327,-1,1,-1,-1,-1,-1,-1,-1,-1,-1,-1,-1
actionclipautoautotrain00328,-1,-1,-1,-1,1,-1,-1,-1,-1,-1,-1,-1
actionclipautoautotrain00329,-1,1,-1,-1,-1,-1,-1,-1,-1,-1,-1,-1
actionclipautoautotrain00330,-1,1,-1,-1,-1,-1,-1,-1,-1,-1,-1,-1
actionclipautoautotrain00331,-1,-1,-1,-1,1,-1,-1,-1,-1,-1,-1,-1
actionclipautoautotrain00332,-1,-1,-1,-1,-1,-1,-1,-1,-1,1,-1,-1
actionclipautoautotrain00333,-1,-1,-1,-1,-1,-1,1,-1,-1,-1,-1,-1
actionclipautoautotrain00334,-1,-1,-1,-1,-1,-1,1,-1,-1,-1,-1,-1
actionclipautoautotrain00335,-1,1,-1,-1,-1,-1,-1,-1,-1,-1,-1,-1
actionclipautoautotrain00336,-1,-1,-1,-1,-1,-1,-1,-1,-1,1,-1,-1
actionclipautoautotrain00337,-1,-1,-1,-1,-1,-1,-1,-1,1,-1,-1,-1
actionclipautoautotrain00338,-1,-1,-1,-1,-1,-1,1,-1,-1,-1,-1,-1
actionclipautoautotrain00339,-1,-1,-1,-1,-1,-1,-1,-1,-1,1,-1,-1
actionclipautoautotrain00340,-1,-1,-1,-1,-1,-1,-1,-1,-1,-1,1,-1
actionclipautoautotrain00341,-1,-1,-1,-1,1,-1,-1,-1,-1,-1,-1,-1
actionclipautoautotrain00342,-1,-1,-1,-1,1,-1,-1,-1,-1,-1,-1,-1
actionclipautoautotrain00343,-1,-1,-1,-1,-1,-1,-1,-1,-1,-1,1,-1
actionclipautoautotrain00344,-1,-1,-1,-1,-1,-1,-1,-1,-1,-1,1,-1
actionclipautoautotrain00345,-1,-1,-1,-1,-1,-1,-1,-1,-1,1,-1,-1
actionclipautoautotrain00346,-1,-1,-1,-1,-1,-1,-1,-1,-1,-1,-1,1
actionclipautoautotrain00347,-1,-1,-1,-1,1,-1,-1,-1,-1,-1,-1,-1
actionclipautoautotrain00348,-1,1,-1,-1,-1,-1,-1,-1,-1,-1,-1,-1
actionclipautoautotrain00349,-1,-1,-1,-1,-1,-1,-1,-1,-1,-1,1,-1
actionclipautoautotrain00350,-1,-1,1,-1,-1,-1,-1,-1,-1,-1,-1,-1
actionclipautoautotrain00351,-1,1,-1,-1,-1,-1,-1,-1,-1,-1,-1,-1
actionclipautoautotrain00352,-1,1,-1,-1,-1,-1,-1,-1,-1,-1,-1,-1
actionclipautoautotrain00353,-1,-1,-1,-1,-1,-1,1,-1,-1,-1,-1,-1
actionclipautoautotrain00354,-1,-1,-1,-1,1,-1,-1,-1,-1,-1,-1,-1
actionclipautoautotrain00355,-1,1,-1,-1,-1,-1,-1,-1,-1,-1,-1,-1
actionclipautoautotrain00356,-1,1,-1,-1,-1,-1,-1,-1,-1,-1,-1,-1
actionclipautoautotrain00357,-1,-1,-1,-1,-1,-1,1,-1,-1,-1,-1,-1
actionclipautoautotrain00358,-1,-1,1,-1,-1,-1,-1,-1,-1,-1,-1,-1
actionclipautoautotrain00359,-1,-1,1,-1,-1,-1,-1,-1,-1,-1,-1,-1
actionclipautoautotrain00360,-1,1,-1,-1,-1,-1,1,-1,-1,-1,-1,-1
actionclipautoautotrain00361,-1,-1,1,-1,-1,-1,-1,-1,-1,-1,-1,-1
actionclipautoautotrain00362,-1,1,-1,-1,-1,-1,-1,-1,-1,-1,-1,-1
actionclipautoautotrain00363,-1,-1,-1,-1,1,-1,-1,-1,-1,-1,-1,-1
actionclipautoautotrain00364,-1,1,-1,-1,-1,-1,-1,-1,-1,-1,-1,-1
actionclipautoautotrain00365,1,-1,-1,-1,-1,-1,-1,-1,-1,-1,-1,-1
actionclipautoautotrain00366,-1,1,-1,-1,-1,-1,-1,-1,-1,-1,-1,-1
actionclipautoautotrain00367,-1,-1,1,-1,-1,-1,-1,-1,-1,-1,-1,-1
actionclipautoautotrain00368,-1,-1,1,-1,-1,-1,-1,-1,-1,-1,-1,-1
actionclipautoautotrain00369,-1,-1,-1,-1,-1,-1,-1,1,-1,-1,-1,-1
actionclipautoautotrain00370,-1,-1,-1,-1,-1,-1,-1,-1,-1,-1,1,-1
actionclipautoautotrain00371,-1,-1,-1,-1,-1,-1,-1,-1,-1,-1,1,-1
actionclipautoautotrain00372,-1,-1,-1,-1,-1,-1,-1,-1,-1,-1,1,-1
actionclipautoautotrain00373,-1,-1,-1,-1,-1,-1,-1,-1,-1,-1,1,-1
actionclipautoautotrain00374,-1,-1,-1,-1,-1,-1,-1,-1,-1,-1,1,-1
actionclipautoautotrain00375,-1,-1,-1,-1,-1,-1,-1,-1,-1,-1,1,-1
actionclipautoautotrain00376,-1,-1,-1,-1,-1,-1,-1,-1,-1,-1,1,-1
actionclipautoautotrain00377,-1,-1,-1,-1,-1,-1,-1,-1,-1,-1,1,-1
actionclipautoautotrain00378,-1,-1,-1,-1,-1,-1,-1,-1,-1,-1,1,-1
actionclipautoautotrain00379,-1,-1,-1,1,-1,-1,-1,-1,-1,-1,-1,-1
actionclipautoautotrain00380,-1,-1,-1,-1,-1,-1,-1,-1,-1,-1,1,1
actionclipautoautotrain00381,-1,-1,-1,-1,-1,-1,-1,-1,-1,-1,1,-1
actionclipautoautotrain00382,-1,-1,-1,-1,-1,-1,-1,-1,-1,-1,1,-1
actionclipautoautotrain00383,-1,-1,-1,-1,-1,-1,-1,-1,-1,-1,1,-1
actionclipautoautotrain00384,-1,-1,-1,-1,-1,-1,-1,-1,-1,-1,1,-1
actionclipautoautotrain00385,-1,-1,-1,-1,-1,-1,-1,-1,-1,-1,1,-1
actionclipautoautotrain00386,-1,-1,-1,-1,-1,-1,-1,-1,-1,-1,1,-1
actionclipautoautotrain00387,-1,1,-1,-1,-1,-1,-1,-1,-1,-1,-1,-1
actionclipautoautotrain00388,-1,-1,-1,-1,-1,-1,-1,-1,-1,-1,-1,1
actionclipautoautotrain00389,-1,-1,-1,-1,-1,-1,-1,-1,-1,-1,-1,1
actionclipautoautotrain00390,-1,-1,-1,1,-1,-1,-1,-1,-1,-1,-1,-1
actionclipautoautotrain00391,-1,-1,-1,1,1,-1,-1,-1,-1,-1,-1,-1
actionclipautoautotrain00392,-1,-1,-1,-1,-1,-1,-1,-1,-1,-1,1,-1
actionclipautoautotrain00393,-1,-1,-1,-1,-1,-1,-1,-1,-1,-1,1,-1
actionclipautoautotrain00394,-1,-1,-1,-1,-1,-1,-1,-1,-1,-1,1,-1
actionclipautoautotrain00395,-1,-1,-1,-1,-1,-1,-1,1,-1,-1,-1,-1
actionclipautoautotrain00396,-1,-1,-1,-1,-1,-1,-1,1,-1,-1,-1,-1
actionclipautoautotrain00397,-1,-1,-1,-1,-1,-1,-1,1,-1,-1,-1,-1
actionclipautoautotrain00398,-1,-1,-1,-1,-1,-1,-1,1,-1,-1,-1,-1
actionclipautoautotrain00399,-1,-1,1,-1,-1,-1,-1,-1,-1,-1,-1,-1
actionclipautoautotrain00400,-1,-1,-1,-1,-1,-1,-1,1,-1,-1,-1,-1
actionclipautoautotrain00401,-1,-1,1,-1,-1,-1,-1,-1,-1,-1,-1,-1
actionclipautoautotrain00402,-1,-1,-1,-1,-1,-1,-1,-1,1,-1,-1,-1
actionclipautoautotrain00403,-1,-1,-1,-1,-1,-1,-1,-1,-1,-1,1,-1
actionclipautoautotrain00404,-1,-1,1,-1,-1,-1,-1,-1,-1,-1,-1,-1
actionclipautoautotrain00405,-1,1,1,-1,-1,-1,-1,-1,-1,-1,-1,-1
actionclipautoautotrain00406,-1,-1,1,-1,-1,-1,-1,-1,-1,-1,-1,-1
actionclipautoautotrain00407,-1,1,-1,-1,-1,-1,-1,-1,-1,-1,-1,-1
actionclipautoautotrain00408,-1,-1,1,-1,-1,-1,-1,-1,-1,-1,-1,-1
actionclipautoautotrain00409,-1,-1,-1,1,-1,-1,-1,-1,-1,-1,-1,-1
actionclipautoautotrain00410,-1,1,-1,-1,-1,-1,-1,-1,-1,-1,1,-1
actionclipautoautotrain00411,-1,-1,-1,-1,-1,-1,-1,-1,-1,-1,1,-1
actionclipautoautotrain00412,-1,-1,-1,-1,-1,-1,-1,-1,-1,-1,1,-1
actionclipautoautotrain00413,-1,-1,-1,-1,-1,-1,-1,-1,-1,-1,1,-1
actionclipautoautotrain00414,-1,-1,-1,-1,-1,-1,-1,-1,-1,-1,1,-1
actionclipautoautotrain00415,-1,-1,-1,-1,-1,-1,-1,-1,-1,-1,1,-1
actionclipautoautotrain00416,-1,-1,-1,-1,-1,-1,-1,-1,-1,-1,1,-1
actionclipautoautotrain00417,-1,1,-1,-1,-1,-1,-1,-1,-1,-1,-1,-1
actionclipautoautotrain00418,-1,1,-1,-1,-1,-1,-1,-1,-1,-1,1,-1
actionclipautoautotrain00419,-1,-1,-1,-1,-1,-1,-1,-1,-1,-1,1,-1
actionclipautoautotrain00420,-1,-1,-1,-1,-1,-1,-1,-1,-1,-1,1,-1
actionclipautoautotrain00421,-1,-1,-1,-1,-1,1,-1,-1,-1,-1,-1,-1
actionclipautoautotrain00422,-1,-1,-1,-1,-1,-1,-1,1,-1,-1,-1,-1
actionclipautoautotrain00423,-1,-1,-1,-1,-1,-1,-1,-1,-1,-1,1,-1
actionclipautoautotrain00424,-1,1,-1,-1,-1,-1,-1,-1,-1,-1,-1,-1
actionclipautoautotrain00425,-1,-1,-1,1,-1,-1,-1,-1,-1,-1,-1,-1
actionclipautoautotrain00426,-1,1,-1,-1,-1,-1,-1,-1,-1,-1,-1,-1
actionclipautoautotrain00427,-1,-1,-1,-1,-1,-1,-1,1,-1,-1,-1,-1
actionclipautoautotrain00428,-1,-1,1,-1,-1,-1,-1,-1,-1,-1,-1,-1
actionclipautoautotrain00429,-1,-1,-1,-1,1,-1,-1,-1,-1,-1,-1,-1
actionclipautoautotrain00430,-1,1,-1,-1,1,-1,-1,-1,-1,-1,-1,-1
actionclipautoautotrain00431,-1,-1,-1,-1,-1,-1,-1,-1,-1,-1,1,-1
actionclipautoautotrain00432,-1,-1,1,-1,-1,-1,-1,-1,-1,-1,-1,-1
actionclipautoautotrain00433,-1,-1,-1,-1,1,-1,-1,-1,-1,-1,-1,-1
actionclipautoautotrain00434,-1,-1,-1,-1,-1,-1,-1,-1,-1,-1,1,-1
actionclipautoautotrain00435,-1,-1,-1,-1,-1,-1,-1,-1,-1,-1,1,-1
actionclipautoautotrain00436,-1,-1,-1,-1,-1,-1,-1,-1,-1,-1,1,-1
actionclipautoautotrain00437,-1,-1,-1,-1,-1,-1,-1,-1,-1,-1,1,-1
actionclipautoautotrain00438,-1,-1,-1,-1,-1,-1,-1,-1,-1,-1,1,-1
actionclipautoautotrain00439,-1,-1,-1,-1,-1,-1,-1,-1,-1,-1,1,-1
actionclipautoautotrain00440,-1,-1,-1,-1,-1,-1,-1,-1,-1,-1,1,-1
actionclipautoautotrain00441,-1,-1,-1,-1,-1,-1,-1,-1,-1,-1,1,-1
actionclipautoautotrain00442,-1,-1,-1,-1,-1,-1,-1,-1,-1,-1,1,-1
actionclipautoautotrain00443,-1,-1,-1,-1,-1,-1,-1,-1,-1,-1,1,-1
actionclipautoautotrain00444,-1,-1,-1,-1,-1,-1,-1,-1,-1,-1,1,-1
actionclipautoautotrain00445,-1,-1,-1,-1,-1,-1,-1,-1,-1,-1,1,-1
actionclipautoautotrain00446,-1,-1,-1,-1,-1,-1,-1,-1,-1,-1,1,-1
actionclipautoautotrain00447,-1,-1,-1,-1,-1,-1,-1,-1,-1,1,1,-1
actionclipautoautotrain00448,-1,-1,-1,-1,-1,-1,-1,-1,-1,-1,1,-1
actionclipautoautotrain00449,-1,-1,-1,-1,-1,-1,-1,-1,-1,-1,1,-1
actionclipautoautotrain00450,1,-1,-1,-1,-1,-1,-1,-1,-1,-1,-1,-1
actionclipautoautotrain00451,-1,-1,-1,-1,-1,-1,-1,-1,-1,-1,1,-1
actionclipautoautotrain00452,-1,-1,-1,-1,-1,-1,-1,-1,-1,-1,1,-1
actionclipautoautotrain00453,-1,-1,1,-1,-1,-1,-1,-1,-1,-1,-1,-1
actionclipautoautotrain00454,-1,-1,-1,-1,-1,-1,-1,1,-1,-1,-1,-1
actionclipautoautotrain00455,-1,-1,-1,-1,1,-1,-1,-1,-1,-1,-1,-1
actionclipautoautotrain00456,-1,-1,-1,-1,-1,-1,-1,-1,-1,-1,1,-1
actionclipautoautotrain00457,-1,-1,-1,-1,-1,-1,-1,-1,-1,-1,1,-1
actionclipautoautotrain00458,-1,-1,-1,-1,-1,-1,-1,-1,-1,1,-1,-1
actionclipautoautotrain00459,-1,1,-1,-1,-1,-1,-1,-1,-1,-1,-1,-1
actionclipautoautotrain00460,-1,-1,1,-1,-1,-1,-1,-1,-1,-1,-1,-1
actionclipautoautotrain00461,-1,-1,-1,-1,-1,-1,-1,-1,-1,-1,-1,1
actionclipautoautotrain00462,-1,-1,-1,-1,1,-1,-1,-1,-1,-1,-1,-1
actionclipautoautotrain00463,-1,-1,-1,-1,-1,-1,1,-1,-1,-1,-1,-1
actionclipautoautotrain00464,-1,-1,-1,-1,-1,-1,1,-1,-1,-1,-1,-1
actionclipautoautotrain00465,-1,-1,-1,-1,-1,-1,-1,-1,-1,1,-1,-1
actionclipautoautotrain00466,-1,-1,-1,-1,-1,-1,-1,-1,-1,1,-1,1
actionclipautoautotrain00467,1,-1,-1,-1,-1,-1,-1,-1,-1,1,-1,-1
actionclipautoautotrain00468,-1,-1,-1,-1,1,-1,-1,-1,-1,-1,-1,-1
actionclipautoautotrain00469,-1,-1,-1,-1,-1,-1,-1,1,-1,-1,-1,-1
actionclipautoautotrain00470,1,1,1,-1,-1,-1,-1,-1,-1,-1,-1,-1
actionclipautoautotrain00471,-1,-1,-1,-1,-1,-1,-1,-1,-1,1,-1,-1
actionclipautoautotrain00472,-1,-1,-1,-1,-1,-1,-1,-1,-1,-1,-1,1
actionclipautoautotrain00473,-1,-1,-1,-1,-1,-1,-1,-1,-1,1,-1,-1
actionclipautoautotrain00474,-1,-1,-1,-1,-1,-1,-1,-1,-1,-1,1,-1
actionclipautoautotrain00475,-1,-1,-1,-1,-1,-1,-1,-1,-1,-1,-1,1
actionclipautoautotrain00476,-1,-1,-1,-1,1,-1,-1,-1,-1,-1,-1,-1
actionclipautoautotrain00477,-1,-1,-1,-1,-1,-1,-1,-1,-1,1,-1,-1
actionclipautoautotrain00478,-1,-1,-1,-1,-1,-1,-1,-1,-1,1,-1,-1
actionclipautoautotrain00479,-1,-1,-1,-1,-1,-1,-1,-1,-1,-1,-1,1
actionclipautoautotrain00480,-1,1,1,-1,-1,-1,-1,-1,-1,-1,1,-1
actionclipautoautotrain00481,-1,1,-1,-1,-1,-1,-1,-1,-1,-1,-1,-1
actionclipautoautotrain00482,-1,1,-1,-1,-1,-1,-1,-1,-1,-1,-1,-1
actionclipautoautotrain00483,-1,-1,-1,-1,-1,-1,-1,1,-1,-1,-1,-1
actionclipautoautotrain00484,-1,-1,1,-1,-1,-1,-1,-1,-1,-1,-1,-1
actionclipautoautotrain00485,-1,1,-1,-1,-1,-1,-1,-1,-1,-1,-1,-1
actionclipautoautotrain00486,-1,-1,1,-1,-1,-1,-1,-1,-1,-1,-1,-1
actionclipautoautotrain00487,1,-1,-1,-1,-1,-1,-1,-1,-1,-1,-1,-1
actionclipautoautotrain00488,1,-1,-1,-1,-1,-1,-1,-1,-1,-1,-1,-1
actionclipautoautotrain00489,1,-1,-1,-1,-1,-1,-1,-1,-1,-1,-1,-1
actionclipautoautotrain00490,-1,-1,-1,-1,-1,-1,-1,-1,-1,-1,1,-1
actionclipautoautotrain00491,-1,-1,-1,-1,1,-1,-1,-1,-1,-1,-1,-1
actionclipautoautotrain00492,1,-1,-1,-1,-1,-1,-1,-1,-1,-1,-1,-1
actionclipautoautotrain00493,-1,-1,-1,-1,-1,-1,-1,-1,-1,1,-1,-1
actionclipautoautotrain00494,-1,-1,-1,-1,-1,-1,-1,-1,-1,1,-1,-1
actionclipautoautotrain00495,-1,-1,-1,-1,-1,-1,-1,-1,-1,1,-1,-1
actionclipautoautotrain00496,-1,-1,-1,-1,-1,-1,-1,-1,-1,1,-1,-1
actionclipautoautotrain00497,-1,-1,-1,-1,-1,-1,-1,-1,-1,1,-1,-1
actionclipautoautotrain00498,-1,-1,-1,-1,-1,-1,-1,-1,-1,-1,1,-1
actionclipautoautotrain00499,-1,-1,-1,-1,-1,-1,-1,-1,-1,-1,1,-1
actionclipautoautotrain00500,-1,-1,-1,-1,-1,-1,-1,-1,-1,-1,1,-1
actionclipautoautotrain00501,-1,-1,-1,-1,-1,-1,-1,-1,-1,1,-1,-1
actionclipautoautotrain00502,-1,-1,-1,-1,-1,-1,-1,1,-1,-1,-1,-1
actionclipautoautotrain00503,-1,-1,-1,-1,-1,-1,-1,-1,-1,1,-1,-1
actionclipautoautotrain00504,-1,-1,-1,-1,-1,-1,-1,-1,-1,-1,1,-1
actionclipautoautotrain00505,-1,-1,-1,-1,-1,-1,-1,-1,-1,-1,1,-1
actionclipautoautotrain00506,-1,1,-1,-1,-1,-1,-1,-1,-1,-1,-1,-1
actionclipautoautotrain00507,-1,-1,-1,-1,-1,1,-1,-1,-1,-1,-1,-1
actionclipautoautotrain00508,-1,-1,-1,-1,1,-1,-1,-1,-1,-1,-1,-1
actionclipautoautotrain00509,-1,1,-1,-1,-1,-1,-1,-1,-1,-1,-1,-1
actionclipautoautotrain00510,-1,-1,-1,-1,-1,-1,-1,-1,-1,-1,1,-1
actionclipautoautotrain00511,-1,1,-1,-1,-1,-1,-1,-1,-1,-1,-1,-1
actionclipautoautotrain00512,-1,-1,-1,-1,1,-1,-1,-1,-1,-1,1,-1
actionclipautoautotrain00513,-1,-1,-1,-1,-1,-1,-1,-1,-1,-1,1,-1
actionclipautoautotrain00514,-1,-1,-1,-1,-1,-1,-1,-1,-1,-1,1,-1
actionclipautoautotrain00515,-1,-1,-1,-1,-1,-1,-1,-1,-1,1,-1,-1
actionclipautoautotrain00516,-1,-1,-1,-1,-1,-1,-1,-1,-1,1,1,-1
actionclipautoautotrain00517,1,-1,-1,-1,-1,-1,-1,-1,-1,-1,-1,-1
actionclipautoautotrain00518,-1,-1,-1,-1,-1,-1,-1,-1,-1,-1,1,-1
actionclipautoautotrain00519,-1,-1,-1,-1,-1,-1,-1,1,-1,-1,-1,-1
actionclipautoautotrain00520,-1,-1,-1,-1,-1,-1,-1,-1,-1,-1,1,-1
actionclipautoautotrain00521,-1,-1,-1,-1,-1,-1,-1,-1,-1,-1,1,-1
actionclipautoautotrain00522,-1,-1,-1,-1,-1,-1,-1,-1,-1,-1,1,-1
actionclipautoautotrain00523,-1,-1,-1,-1,-1,-1,-1,1,-1,-1,-1,-1
actionclipautoautotrain00524,-1,-1,1,-1,-1,-1,-1,-1,-1,-1,-1,-1
actionclipautoautotrain00525,-1,1,-1,-1,-1,-1,-1,-1,-1,-1,-1,-1
actionclipautoautotrain00526,-1,-1,-1,-1,-1,1,-1,-1,-1,-1,1,-1
actionclipautoautotrain00527,-1,-1,-1,-1,-1,-1,-1,-1,-1,-1,-1,1
actionclipautoautotrain00528,-1,-1,-1,-1,-1,-1,1,-1,-1,-1,-1,-1
actionclipautoautotrain00529,-1,-1,1,-1,-1,-1,-1,-1,-1,-1,-1,-1
actionclipautoautotrain00530,-1,1,-1,-1,-1,-1,1,-1,-1,-1,-1,-1
actionclipautoautotrain00531,-1,-1,1,-1,-1,-1,-1,-1,-1,-1,-1,-1
actionclipautoautotrain00532,-1,-1,-1,-1,-1,-1,1,-1,-1,-1,-1,-1
actionclipautoautotrain00533,-1,-1,-1,-1,-1,-1,1,-1,-1,-1,-1,-1
actionclipautoautotrain00534,-1,1,1,-1,-1,-1,-1,-1,-1,-1,-1,-1
actionclipautoautotrain00535,-1,-1,-1,-1,-1,-1,-1,-1,-1,1,-1,-1
actionclipautoautotrain00536,-1,-1,1,-1,-1,-1,-1,-1,-1,-1,-1,-1
actionclipautoautotrain00537,-1,-1,1,-1,-1,-1,-1,-1,-1,-1,-1,-1
actionclipautoautotrain00538,-1,1,-1,-1,-1,-1,-1,-1,-1,-1,-1,-1
actionclipautoautotrain00539,1,1,-1,-1,-1,-1,-1,-1,-1,-1,-1,-1
actionclipautoautotrain00540,-1,-1,-1,-1,-1,-1,-1,-1,-1,1,-1,-1
actionclipautoautotrain00541,-1,1,-1,-1,-1,-1,-1,-1,-1,-1,-1,-1
actionclipautoautotrain00542,-1,-1,-1,-1,-1,-1,-1,-1,-1,-1,1,-1
actionclipautoautotrain00543,-1,-1,-1,-1,-1,-1,-1,-1,-1,-1,-1,1
actionclipautoautotrain00544,-1,-1,-1,-1,-1,-1,1,-1,-1,-1,-1,-1
actionclipautoautotrain00545,-1,-1,-1,-1,-1,-1,1,-1,-1,-1,-1,-1
actionclipautoautotrain00546,-1,1,-1,-1,-1,-1,-1,-1,-1,1,-1,-1
actionclipautoautotrain00547,-1,-1,-1,-1,-1,-1,-1,-1,-1,-1,-1,1
actionclipautoautotrain00548,-1,-1,-1,-1,-1,-1,-1,-1,-1,1,-1,1
actionclipautoautotrain00549,-1,-1,-1,-1,-1,-1,-1,-1,-1,1,-1,-1
actionclipautoautotrain00550,-1,-1,-1,-1,-1,-1,-1,-1,-1,1,-1,-1
actionclipautoautotrain00551,-1,-1,-1,-1,1,-1,-1,-1,-1,-1,-1,-1
actionclipautoautotrain00552,-1,-1,-1,-1,-1,-1,-1,-1,-1,1,-1,-1
actionclipautoautotrain00553,1,-1,-1,-1,-1,-1,-1,-1,-1,-1,-1,-1
actionclipautoautotrain00554,-1,-1,-1,-1,-1,-1,-1,-1,-1,-1,1,-1
actionclipautoautotrain00555,-1,-1,-1,-1,-1,-1,-1,1,-1,-1,-1,-1
actionclipautoautotrain00556,-1,-1,-1,-1,-1,-1,-1,1,-1,-1,-1,-1
actionclipautoautotrain00557,-1,-1,-1,-1,1,-1,-1,-1,-1,-1,-1,-1
actionclipautoautotrain00558,1,-1,-1,-1,-1,-1,-1,-1,-1,-1,-1,-1
actionclipautoautotrain00559,1,-1,-1,-1,-1,-1,-1,-1,-1,-1,-1,-1
actionclipautoautotrain00560,-1,-1,-1,-1,-1,-1,-1,1,-1,-1,-1,-1
actionclipautoautotrain00561,-1,-1,1,-1,-1,-1,-1,-1,-1,-1,-1,-1
actionclipautoautotrain00562,-1,-1,-1,-1,-1,-1,-1,-1,-1,-1,1,-1
actionclipautoautotrain00563,-1,-1,-1,-1,-1,-1,-1,-1,1,-1,-1,-1
actionclipautoautotrain00564,-1,-1,-1,-1,-1,-1,-1,1,-1,-1,-1,-1
actionclipautoautotrain00565,-1,1,-1,-1,-1,-1,-1,-1,-1,-1,-1,-1
actionclipautoautotrain00566,-1,-1,-1,-1,-1,-1,-1,-1,1,-1,-1,-1
actionclipautoautotrain00567,-1,-1,-1,-1,1,-1,-1,-1,-1,-1,-1,-1
actionclipautoautotrain00568,-1,-1,-1,-1,1,-1,-1,-1,-1,-1,-1,-1
actionclipautoautotrain00569,-1,-1,-1,-1,1,-1,-1,-1,-1,-1,-1,-1
actionclipautoautotrain00570,-1,-1,-1,-1,-1,-1,1,-1,-1,-1,-1,-1
actionclipautoautotrain00571,-1,-1,-1,-1,1,-1,-1,-1,-1,-1,-1,-1
actionclipautoautotrain00572,-1,-1,-1,-1,-1,-1,-1,-1,-1,-1,1,-1
actionclipautoautotrain00573,-1,1,-1,-1,-1,-1,-1,-1,-1,-1,-1,-1
actionclipautoautotrain00574,-1,1,-1,-1,-1,-1,-1,-1,-1,-1,-1,-1
actionclipautoautotrain00575,-1,1,-1,-1,-1,-1,-1,-1,-1,-1,-1,-1
actionclipautoautotrain00576,-1,-1,-1,-1,-1,-1,-1,-1,-1,-1,1,-1
actionclipautoautotrain00577,-1,-1,-1,-1,-1,-1,-1,-1,-1,-1,1,-1
actionclipautoautotrain00578,-1,1,1,-1,-1,-1,-1,-1,-1,-1,-1,-1
actionclipautoautotrain00579,-1,-1,-1,-1,-1,-1,-1,-1,-1,1,-1,-1
actionclipautoautotrain00580,-1,-1,-1,-1,1,-1,-1,-1,-1,-1,-1,-1
actionclipautoautotrain00581,-1,-1,-1,-1,1,-1,-1,-1,-1,-1,-1,-1
actionclipautoautotrain00582,-1,-1,1,-1,-1,-1,-1,-1,-1,-1,-1,-1
actionclipautoautotrain00583,-1,-1,-1,-1,1,-1,-1,-1,-1,-1,-1,-1
actionclipautoautotrain00584,-1,-1,-1,-1,1,-1,-1,-1,-1,-1,-1,-1
actionclipautoautotrain00585,-1,-1,-1,-1,1,-1,-1,-1,-1,-1,-1,-1
actionclipautoautotrain00586,-1,-1,-1,-1,1,-1,-1,-1,-1,-1,-1,-1
actionclipautoautotrain00587,-1,-1,-1,-1,1,-1,-1,-1,-1,-1,-1,-1
actionclipautoautotrain00588,-1,-1,-1,-1,-1,-1,-1,-1,-1,-1,1,-1
actionclipautoautotrain00589,-1,-1,-1,-1,-1,-1,-1,-1,-1,-1,1,-1
actionclipautoautotrain00590,-1,-1,-1,-1,1,-1,-1,-1,-1,-1,-1,-1
actionclipautoautotrain00591,-1,1,-1,-1,1,-1,-1,-1,-1,-1,-1,-1
actionclipautoautotrain00592,1,-1,-1,-1,-1,-1,-1,-1,-1,-1,-1,-1
actionclipautoautotrain00593,-1,1,-1,-1,-1,-1,-1,-1,-1,-1,-1,-1
actionclipautoautotrain00594,-1,-1,-1,-1,1,-1,-1,-1,-1,-1,-1,-1
actionclipautoautotrain00595,-1,-1,1,-1,-1,-1,-1,-1,-1,-1,-1,-1
actionclipautoautotrain00596,-1,-1,-1,-1,-1,-1,1,-1,-1,-1,-1,-1
actionclipautoautotrain00597,-1,-1,-1,-1,-1,-1,1,-1,-1,-1,-1,-1
actionclipautoautotrain00598,-1,1,-1,-1,-1,-1,-1,-1,-1,-1,-1,-1
actionclipautoautotrain00599,-1,-1,-1,1,-1,-1,-1,-1,-1,-1,-1,-1
actionclipautoautotrain00600,-1,-1,-1,-1,-1,-1,-1,-1,-1,1,-1,-1
actionclipautoautotrain00601,-1,-1,1,-1,-1,-1,-1,-1,-1,-1,-1,-1
actionclipautoautotrain00602,-1,1,-1,-1,-1,-1,-1,-1,-1,-1,-1,-1
actionclipautoautotrain00603,-1,-1,-1,-1,-1,-1,-1,-1,-1,1,-1,-1
actionclipautoautotrain00604,-1,-1,-1,-1,1,-1,-1,-1,-1,-1,-1,-1
actionclipautoautotrain00605,-1,-1,-1,-1,1,-1,-1,-1,-1,-1,-1,-1
actionclipautoautotrain00606,-1,-1,-1,-1,1,-1,-1,-1,-1,-1,-1,-1
actionclipautoautotrain00607,-1,-1,-1,-1,-1,-1,-1,-1,-1,-1,-1,1
actionclipautoautotrain00608,-1,-1,-1,-1,-1,-1,1,-1,-1,-1,-1,-1
actionclipautoautotrain00609,-1,-1,-1,-1,1,-1,-1,-1,-1,-1,-1,-1
actionclipautoautotrain00610,-1,-1,-1,-1,1,-1,-1,-1,-1,-1,-1,-1
actionclipautoautotrain00611,-1,-1,-1,-1,-1,-1,-1,-1,-1,-1,1,-1
actionclipautoautotrain00612,-1,-1,-1,-1,1,-1,-1,-1,-1,-1,-1,-1
actionclipautoautotrain00613,-1,-1,-1,-1,-1,-1,-1,1,-1,-1,-1,-1
actionclipautoautotrain00614,-1,-1,-1,-1,-1,-1,1,-1,-1,-1,-1,-1
actionclipautoautotrain00615,-1,-1,-1,-1,-1,-1,-1,-1,1,-1,-1,-1
actionclipautoautotrain00616,-1,-1,-1,-1,-1,-1,1,-1,-1,-1,-1,-1
actionclipautoautotrain00617,-1,-1,-1,1,-1,-1,-1,-1,-1,-1,-1,-1
actionclipautoautotrain00618,-1,-1,-1,1,-1,-1,-1,-1,1,-1,-1,-1
actionclipautoautotrain00619,-1,-1,-1,-1,-1,1,-1,-1,-1,-1,-1,-1
actionclipautoautotrain00620,-1,1,-1,-1,-1,-1,-1,-1,-1,-1,-1,-1
actionclipautoautotrain00621,-1,1,-1,-1,-1,-1,-1,-1,-1,-1,-1,-1
actionclipautoautotrain00622,-1,-1,1,-1,-1,-1,-1,-1,-1,-1,-1,-1
actionclipautoautotrain00623,1,-1,-1,-1,-1,-1,-1,-1,-1,-1,-1,-1
actionclipautoautotrain00624,1,-1,-1,-1,-1,-1,-1,-1,-1,-1,-1,-1
actionclipautoautotrain00625,-1,-1,-1,-1,-1,-1,-1,-1,-1,-1,1,-1
actionclipautoautotrain00626,-1,-1,-1,-1,-1,-1,-1,-1,-1,1,-1,-1
actionclipautoautotrain00627,-1,-1,-1,-1,-1,-1,-1,-1,-1,1,-1,-1
actionclipautoautotrain00628,-1,1,-1,-1,-1,-1,-1,-1,-1,1,-1,-1
actionclipautoautotrain00629,-1,-1,-1,-1,-1,-1,-1,1,-1,-1,-1,-1
actionclipautoautotrain00630,-1,-1,-1,-1,1,-1,-1,-1,-1,-1,-1,-1
actionclipautoautotrain00631,-1,-1,-1,1,-1,-1,-1,-1,-1,-1,-1,-1
actionclipautoautotrain00632,-1,1,-1,-1,-1,-1,-1,-1,-1,-1,-1,-1
actionclipautoautotrain00633,-1,-1,1,-1,-1,-1,-1,-1,-1,-1,-1,-1
actionclipautoautotrain00634,-1,1,-1,-1,-1,-1,-1,-1,-1,-1,-1,-1
actionclipautoautotrain00635,-1,1,1,-1,-1,-1,-1,-1,-1,-1,-1,-1
actionclipautoautotrain00636,-1,1,1,-1,-1,-1,-1,-1,-1,-1,-1,-1
actionclipautoautotrain00637,-1,-1,-1,1,-1,-1,-1,-1,-1,-1,-1,-1
actionclipautoautotrain00638,-1,1,-1,-1,-1,-1,-1,-1,-1,-1,-1,-1
actionclipautoautotrain00639,-1,1,-1,-1,-1,-1,-1,-1,-1,-1,-1,-1
actionclipautoautotrain00640,-1,-1,-1,-1,-1,-1,-1,-1,-1,-1,1,-1
actionclipautoautotrain00641,-1,-1,-1,-1,-1,-1,-1,-1,-1,-1,1,-1
actionclipautoautotrain00642,-1,-1,-1,-1,-1,1,-1,-1,-1,-1,-1,-1
actionclipautoautotrain00643,-1,-1,-1,-1,1,-1,-1,-1,-1,-1,-1,-1
actionclipautoautotrain00644,-1,-1,-1,-1,1,-1,-1,-1,-1,-1,-1,-1
actionclipautoautotrain00645,-1,-1,-1,-1,-1,-1,-1,-1,-1,-1,1,-1
actionclipautoautotrain00646,-1,1,-1,-1,-1,-1,-1,-1,-1,-1,-1,-1
actionclipautoautotrain00647,-1,-1,-1,-1,-1,-1,-1,-1,1,-1,-1,-1
actionclipautoautotrain00648,-1,-1,-1,-1,1,-1,-1,-1,-1,-1,-1,-1
actionclipautoautotrain00649,-1,-1,-1,-1,-1,-1,-1,-1,-1,-1,1,-1
actionclipautoautotrain00650,-1,-1,1,-1,-1,-1,-1,-1,-1,-1,-1,-1
actionclipautoautotrain00651,-1,1,-1,-1,-1,-1,-1,-1,-1,-1,-1,-1
actionclipautoautotrain00652,-1,-1,-1,-1,-1,-1,-1,-1,-1,-1,1,-1
actionclipautoautotrain00653,1,-1,-1,-1,-1,-1,-1,-1,-1,-1,-1,-1
actionclipautoautotrain00654,-1,-1,-1,-1,-1,-1,-1,-1,-1,-1,1,-1
actionclipautoautotrain00655,-1,-1,-1,-1,-1,-1,-1,-1,-1,1,-1,-1
actionclipautoautotrain00656,1,-1,-1,-1,-1,-1,-1,-1,-1,-1,-1,-1
actionclipautoautotrain00657,-1,-1,-1,-1,-1,-1,-1,1,-1,-1,-1,-1
actionclipautoautotrain00658,1,-1,-1,-1,-1,-1,-1,-1,-1,-1,-1,-1
actionclipautoautotrain00659,-1,-1,-1,-1,-1,-1,-1,-1,-1,-1,1,-1
actionclipautoautotrain00660,-1,-1,-1,-1,-1,-1,-1,-1,-1,1,-1,-1
actionclipautoautotrain00661,-1,1,-1,-1,-1,-1,-1,-1,-1,-1,-1,-1
actionclipautoautotrain00662,-1,-1,-1,-1,-1,-1,-1,1,-1,-1,-1,-1
actionclipautoautotrain00663,-1,-1,-1,-1,-1,1,-1,-1,-1,-1,1,-1
actionclipautoautotrain00664,-1,-1,-1,-1,-1,-1,-1,-1,1,-1,-1,-1
actionclipautoautotrain00665,-1,-1,-1,-1,-1,-1,-1,-1,-1,1,-1,-1
actionclipautoautotrain00666,-1,1,-1,-1,-1,-1,-1,-1,-1,-1,-1,-1
actionclipautoautotrain00667,-1,1,-1,-1,-1,-1,-1,-1,-1,-1,-1,-1
actionclipautoautotrain00668,-1,-1,-1,-1,1,-1,-1,-1,-1,1,-1,-1
actionclipautoautotrain00669,-1,-1,-1,-1,1,-1,-1,-1,-1,-1,-1,-1
actionclipautoautotrain00670,-1,-1,1,-1,-1,-1,-1,-1,-1,-1,-1,-1
actionclipautoautotrain00671,-1,-1,-1,-1,-1,-1,-1,-1,-1,-1,1,-1
actionclipautoautotrain00672,-1,-1,-1,-1,-1,-1,-1,-1,1,-1,1,-1
actionclipautoautotrain00673,-1,-1,-1,-1,-1,-1,-1,-1,-1,1,-1,-1
actionclipautoautotrain00674,-1,-1,-1,-1,-1,-1,-1,-1,-1,-1,-1,1
actionclipautoautotrain00675,-1,-1,-1,-1,-1,-1,-1,-1,-1,-1,-1,1
actionclipautoautotrain00676,-1,-1,-1,-1,-1,-1,-1,-1,-1,-1,-1,1
actionclipautoautotrain00677,-1,1,-1,-1,-1,-1,-1,-1,-1,-1,-1,-1
actionclipautoautotrain00678,-1,-1,1,-1,-1,-1,-1,-1,-1,-1,-1,-1
actionclipautoautotrain00679,-1,-1,-1,-1,-1,-1,-1,-1,-1,-1,1,-1
actionclipautoautotrain00680,-1,-1,-1,-1,-1,-1,-1,-1,-1,1,-1,-1
actionclipautoautotrain00681,-1,-1,-1,1,-1,-1,-1,-1,-1,-1,-1,-1
actionclipautoautotrain00682,-1,-1,-1,-1,-1,-1,-1,-1,-1,-1,1,-1
actionclipautoautotrain00683,-1,-1,1,-1,-1,-1,-1,-1,-1,-1,-1,-1
actionclipautoautotrain00684,-1,-1,-1,-1,1,-1,-1,-1,-1,-1,-1,-1
actionclipautoautotrain00685,-1,-1,-1,-1,1,-1,-1,1,-1,-1,-1,-1
actionclipautoautotrain00686,-1,-1,-1,-1,-1,-1,-1,-1,-1,-1,1,-1
actionclipautoautotrain00687,-1,1,-1,-1,-1,-1,-1,-1,-1,-1,-1,-1
actionclipautoautotrain00688,-1,-1,1,-1,-1,-1,-1,-1,-1,-1,-1,-1
actionclipautoautotrain00689,-1,-1,-1,-1,-1,-1,1,-1,-1,-1,-1,-1
actionclipautoautotrain00690,-1,-1,-1,-1,-1,-1,1,-1,-1,-1,-1,-1
actionclipautoautotrain00691,-1,-1,-1,-1,1,-1,-1,-1,-1,-1,-1,-1
actionclipautoautotrain00692,-1,-1,1,-1,-1,-1,-1,-1,-1,-1,1,-1
actionclipautoautotrain00693,-1,1,-1,-1,-1,-1,-1,-1,-1,-1,-1,-1
actionclipautoautotrain00694,-1,-1,-1,-1,-1,-1,-1,-1,-1,-1,-1,1
actionclipautoautotrain00695,-1,1,-1,-1,-1,-1,-1,-1,-1,-1,1,-1
actionclipautoautotrain00696,-1,-1,-1,-1,-1,-1,-1,-1,-1,-1,1,-1
actionclipautoautotrain00697,-1,-1,-1,1,1,-1,-1,-1,-1,-1,-1,-1
actionclipautoautotrain00698,-1,1,-1,-1,-1,-1,-1,-1,-1,-1,-1,-1
actionclipautoautotrain00699,1,-1,-1,-1,-1,-1,-1,-1,-1,-1,-1,-1
actionclipautoautotrain00700,-1,-1,-1,-1,-1,-1,-1,-1,1,-1,-1,-1
actionclipautoautotrain00701,-1,-1,-1,-1,-1,-1,1,-1,-1,-1,-1,-1
actionclipautoautotrain00702,-1,1,-1,-1,-1,-1,-1,-1,-1,-1,-1,-1
actionclipautoautotrain00703,-1,-1,-1,-1,-1,-1,-1,-1,-1,-1,1,-1
actionclipautoautotrain00704,-1,1,-1,-1,-1,1,-1,-1,-1,-1,1,-1
actionclipautoautotrain00705,-1,1,-1,-1,-1,-1,-1,-1,-1,-1,1,-1
actionclipautoautotrain00706,-1,1,-1,-1,-1,-1,-1,-1,-1,-1,-1,-1
actionclipautoautotrain00707,-1,-1,-1,-1,-1,-1,-1,-1,-1,-1,1,-1
actionclipautoautotrain00708,-1,-1,-1,-1,-1,-1,-1,-1,-1,-1,1,-1
actionclipautoautotrain00709,-1,-1,-1,-1,-1,-1,-1,-1,1,-1,-1,-1
actionclipautoautotrain00710,-1,-1,-1,-1,-1,-1,-1,-1,-1,-1,1,-1
actionclipautoautotrain00711,-1,-1,1,-1,-1,-1,-1,-1,-1,-1,-1,-1
actionclipautoautotrain00712,-1,-1,1,-1,-1,-1,-1,-1,-1,-1,-1,-1
actionclipautoautotrain00713,-1,-1,1,-1,-1,-1,-1,-1,-1,-1,-1,-1
actionclipautoautotrain00714,-1,-1,-1,-1,-1,-1,-1,-1,-1,-1,1,-1
actionclipautoautotrain00715,-1,-1,-1,-1,1,-1,-1,-1,-1,-1,-1,-1
actionclipautoautotrain00716,-1,-1,-1,-1,-1,-1,-1,-1,-1,-1,1,-1
actionclipautoautotrain00717,-1,-1,-1,-1,-1,1,-1,-1,1,-1,1,-1
actionclipautoautotrain00718,-1,-1,-1,-1,-1,-1,-1,-1,-1,-1,1,-1
actionclipautoautotrain00719,-1,-1,-1,-1,-1,-1,-1,-1,1,-1,-1,-1
actionclipautoautotrain00720,-1,1,-1,-1,-1,-1,-1,-1,-1,-1,-1,-1
actionclipautoautotrain00721,-1,-1,-1,-1,-1,-1,-1,-1,-1,-1,1,-1
actionclipautoautotrain00722,-1,-1,-1,-1,-1,-1,-1,-1,-1,-1,1,-1
actionclipautoautotrain00723,-1,-1,-1,-1,1,-1,-1,-1,-1,-1,-1,-1
actionclipautoautotrain00724,-1,-1,-1,-1,1,-1,-1,-1,-1,-1,-1,-1
actionclipautoautotrain00725,-1,-1,-1,-1,1,-1,-1,-1,-1,-1,-1,-1
actionclipautoautotrain00726,-1,-1,-1,-1,1,1,-1,-1,-1,-1,-1,-1
actionclipautoautotrain00727,-1,-1,-1,-1,1,-1,-1,-1,-1,-1,-1,-1
actionclipautoautotrain00728,-1,-1,1,-1,-1,-1,-1,-1,-1,-1,-1,1
actionclipautoautotrain00729,-1,-1,-1,-1,-1,-1,-1,-1,-1,1,-1,1
actionclipautoautotrain00730,-1,-1,-1,-1,-1,-1,-1,-1,-1,1,-1,-1
actionclipautoautotrain00731,-1,-1,-1,-1,-1,-1,-1,-1,-1,1,-1,-1
actionclipautoautotrain00732,-1,-1,-1,-1,-1,-1,-1,-1,-1,1,-1,-1
actionclipautoautotrain00733,-1,-1,-1,-1,-1,-1,-1,-1,-1,-1,1,-1
actionclipautoautotrain00734,-1,-1,-1,-1,-1,-1,-1,-1,-1,-1,1,1
actionclipautoautotrain00735,-1,-1,1,-1,-1,-1,-1,-1,-1,-1,-1,-1
actionclipautoautotrain00736,1,-1,-1,-1,-1,-1,-1,-1,-1,-1,-1,-1
actionclipautoautotrain00737,-1,-1,-1,-1,-1,-1,-1,-1,-1,-1,1,-1
actionclipautoautotrain00738,-1,-1,-1,-1,-1,-1,1,-1,-1,-1,1,1
actionclipautoautotrain00739,-1,1,-1,-1,-1,-1,-1,-1,-1,-1,-1,1
actionclipautoautotrain00740,-1,-1,-1,-1,-1,-1,1,-1,-1,-1,-1,-1
actionclipautoautotrain00741,-1,-1,-1,-1,-1,-1,-1,-1,-1,1,-1,-1
actionclipautoautotrain00742,-1,-1,-1,-1,1,-1,-1,-1,-1,-1,-1,-1
actionclipautoautotrain00743,-1,-1,-1,1,1,-1,-1,-1,-1,-1,-1,-1
actionclipautoautotrain00744,-1,-1,-1,-1,1,-1,-1,-1,-1,-1,-1,-1
actionclipautoautotrain00745,-1,-1,-1,-1,-1,-1,-1,-1,-1,-1,1,-1
actionclipautoautotrain00746,-1,-1,-1,-1,1,-1,-1,-1,-1,-1,-1,-1
actionclipautoautotrain00747,-1,-1,-1,-1,-1,-1,-1,-1,-1,-1,1,-1
actionclipautoautotrain00748,-1,1,-1,-1,-1,1,-1,-1,-1,-1,-1,-1
actionclipautoautotrain00749,-1,-1,-1,-1,1,-1,-1,-1,-1,-1,-1,-1
actionclipautoautotrain00750,-1,-1,-1,-1,1,-1,-1,-1,-1,-1,-1,-1
actionclipautoautotrain00751,-1,1,1,-1,-1,-1,-1,-1,-1,-1,-1,-1
actionclipautoautotrain00752,-1,-1,-1,-1,-1,-1,1,-1,-1,-1,-1,-1
actionclipautoautotrain00753,-1,-1,1,-1,-1,-1,-1,-1,-1,-1,-1,-1
actionclipautoautotrain00754,-1,-1,-1,-1,1,-1,-1,-1,-1,-1,-1,-1
actionclipautoautotrain00755,-1,-1,-1,-1,-1,-1,1,-1,-1,-1,-1,-1
actionclipautoautotrain00756,1,-1,-1,-1,-1,-1,-1,-1,-1,-1,-1,-1
actionclipautoautotrain00757,-1,-1,-1,-1,-1,1,-1,-1,-1,-1,-1,-1
actionclipautoautotrain00758,-1,1,-1,-1,-1,-1,-1,-1,-1,-1,-1,-1
actionclipautoautotrain00759,-1,-1,-1,-1,-1,-1,1,-1,-1,-1,-1,-1
actionclipautoautotrain00760,-1,1,-1,-1,-1,-1,-1,-1,-1,-1,-1,-1
actionclipautoautotrain00761,-1,-1,-1,-1,1,-1,-1,-1,-1,-1,-1,-1
actionclipautoautotrain00762,-1,-1,-1,-1,1,-1,-1,-1,-1,-1,-1,-1
actionclipautoautotrain00763,-1,-1,-1,-1,1,-1,-1,-1,-1,-1,-1,-1
actionclipautoautotrain00764,-1,-1,-1,-1,1,-1,-1,-1,-1,-1,-1,-1
actionclipautoautotrain00765,1,1,-1,-1,-1,-1,-1,-1,-1,-1,-1,-1
actionclipautoautotrain00766,-1,-1,1,-1,-1,-1,-1,-1,-1,-1,-1,-1
actionclipautoautotrain00767,-1,-1,-1,-1,-1,-1,1,-1,-1,-1,-1,-1
actionclipautoautotrain00768,-1,-1,-1,-1,1,-1,-1,-1,-1,-1,-1,-1
actionclipautoautotrain00769,-1,1,-1,-1,-1,-1,-1,-1,-1,-1,-1,-1
actionclipautoautotrain00770,-1,-1,-1,-1,-1,-1,1,-1,-1,-1,-1,-1
actionclipautoautotrain00771,-1,-1,-1,-1,-1,-1,1,-1,-1,-1,-1,-1
actionclipautoautotrain00772,-1,-1,-1,-1,-1,-1,-1,-1,-1,-1,1,-1
actionclipautoautotrain00773,-1,-1,-1,-1,-1,-1,1,-1,-1,-1,-1,-1
actionclipautoautotrain00774,1,-1,-1,-1,-1,-1,-1,-1,-1,-1,-1,-1
actionclipautoautotrain00775,-1,-1,-1,-1,-1,-1,-1,-1,-1,-1,-1,1
actionclipautoautotrain00776,-1,-1,-1,1,-1,-1,-1,-1,-1,-1,-1,-1
actionclipautoautotrain00777,-1,-1,-1,-1,-1,-1,-1,1,-1,-1,-1,-1
actionclipautoautotrain00778,-1,-1,-1,-1,-1,-1,-1,-1,-1,-1,1,-1
actionclipautoautotrain00779,-1,-1,-1,-1,-1,-1,1,-1,-1,-1,-1,-1
actionclipautoautotrain00780,-1,-1,-1,-1,-1,-1,1,-1,-1,-1,-1,-1
actionclipautoautotrain00781,-1,-1,-1,-1,-1,-1,-1,-1,1,-1,-1,-1
actionclipautoautotrain00782,-1,-1,-1,-1,-1,-1,-1,-1,1,-1,-1,-1
actionclipautoautotrain00783,-1,-1,-1,-1,-1,-1,-1,1,-1,-1,-1,-1
actionclipautoautotrain00784,-1,-1,-1,-1,-1,1,-1,-1,-1,-1,-1,-1
actionclipautoautotrain00785,-1,1,-1,-1,-1,-1,-1,-1,-1,-1,-1,-1
actionclipautoautotrain00786,-1,1,-1,-1,-1,-1,-1,-1,-1,-1,-1,-1
actionclipautoautotrain00787,-1,-1,-1,-1,1,-1,-1,-1,-1,-1,-1,-1
actionclipautoautotrain00788,-1,-1,-1,-1,1,-1,-1,-1,-1,-1,-1,-1
actionclipautoautotrain00789,-1,-1,-1,-1,-1,-1,-1,1,-1,-1,-1,-1
actionclipautoautotrain00790,-1,-1,-1,-1,-1,-1,1,-1,-1,-1,-1,-1
actionclipautoautotrain00791,-1,-1,-1,-1,1,-1,-1,-1,-1,-1,-1,-1
actionclipautoautotrain00792,1,-1,-1,-1,-1,-1,-1,-1,-1,-1,-1,-1
actionclipautoautotrain00793,-1,-1,-1,1,-1,-1,-1,-1,-1,-1,-1,-1
actionclipautoautotrain00794,-1,-1,-1,-1,-1,-1,-1,1,-1,-1,-1,-1
actionclipautoautotrain00795,-1,-1,-1,-1,-1,-1,-1,-1,1,-1,1,-1
actionclipautoautotrain00796,-1,-1,-1,-1,-1,-1,-1,-1,1,-1,-1,-1
actionclipautoautotrain00797,-1,-1,-1,1,-1,-1,-1,-1,-1,-1,-1,-1
actionclipautoautotrain00798,-1,1,-1,-1,-1,-1,-1,-1,1,-1,-1,-1
actionclipautoautotrain00799,1,-1,-1,1,-1,-1,-1,-1,-1,-1,-1,-1
actionclipautoautotrain00800,-1,-1,-1,-1,1,-1,-1,-1,-1,-1,-1,-1
actionclipautoautotrain00801,-1,-1,-1,-1,-1,-1,-1,-1,-1,-1,1,-1
actionclipautoautotrain00802,-1,-1,-1,-1,-1,-1,1,-1,-1,-1,-1,-1
actionclipautoautotrain00803,-1,-1,-1,-1,-1,-1,-1,-1,-1,-1,1,-1
actionclipautoautotrain00804,-1,-1,-1,-1,-1,-1,-1,-1,-1,-1,1,-1
actionclipautoautotrain00805,-1,-1,-1,-1,1,-1,-1,-1,-1,-1,-1,-1
actionclipautoautotrain00806,-1,-1,-1,-1,-1,-1,1,-1,-1,-1,1,-1
actionclipautoautotrain00807,-1,-1,-1,-1,-1,1,-1,-1,-1,-1,-1,-1
actionclipautoautotrain00808,-1,-1,-1,-1,-1,-1,1,-1,-1,-1,-1,-1
actionclipautoautotrain00809,-1,-1,-1,-1,-1,-1,1,-1,-1,-1,-1,-1
actionclipautoautotrain00810,-1,-1,-1,-1,-1,-1,-1,-1,1,-1,-1,-1
